{
	"id": "f2c14a92-9954-4b37-aaef-2c0496be3fa1",
	"name": "StudentCrud",
	"description": "",
	"auth": null,
	"events": null,
	"variables": [],
	"order": [
		"e2013342-28a4-4174-a39b-9c814a757b92",
		"25e969b4-d483-441e-9914-ce47cacbc6a5",
		"8d634288-3bb6-41bb-9a4a-03be2694ff9f",
		"fc64a163-f6dc-4826-be75-f82750e6ba6a"
	],
	"folders_order": [],
	"folders": [],
	"requests": [
		{
			"id": "25e969b4-d483-441e-9914-ce47cacbc6a5",
			"name": "/crud/{studentId}",
			"url": "{{url}}/crud",
			"description": "",
			"data": [
				{
					"key": "firstName",
					"value": "Maulik",
					"description": "",
					"type": "text",
					"enabled": true
				},
				{
					"key": "middleName",
					"value": "Mahendrabhai",
					"description": "",
					"type": "text",
					"enabled": true
				},
				{
					"key": "lastName",
					"value": "Jaganiya",
					"description": "",
					"type": "text",
					"enabled": true
				},
				{
					"key": "address",
					"value": "33 S 3rd ST Apt 207 San Jose California - 95113 , USA",
					"description": "",
					"type": "text",
					"enabled": true
				},
				{
					"key": "email",
					"value": "patelmaulik21@gmail.com",
					"description": "",
					"type": "text",
					"enabled": true
				},
				{
					"key": "phoneNo",
					"value": "5105652484",
					"description": "",
					"type": "text",
					"enabled": true
				}
			],
			"dataMode": "params",
			"headerData": [],
			"method": "PUT",
			"pathVariableData": [],
			"queryParams": [],
			"auth": null,
			"events": [],
			"folder": null,
			"headers": "",
			"pathVariables": {}
		},
		{
			"id": "8d634288-3bb6-41bb-9a4a-03be2694ff9f",
			"name": "/crud",
			"url": "{{url}}/crud",
			"description": "",
			"data": null,
			"dataMode": null,
			"headerData": [],
			"method": "GET",
			"pathVariableData": [],
			"queryParams": [],
			"auth": null,
			"events": [],
			"folder": null,
			"headers": "",
			"pathVariables": {}
		},
		{
			"id": "e2013342-28a4-4174-a39b-9c814a757b92",
			"name": "/crud",
			"url": "{{url}}/crud",
			"description": "",
			"data": [
				{
					"key": "firstName",
					"value": "Maulik",
					"description": "",
					"type": "text",
					"enabled": true
				},
				{
					"key": "middleName",
					"value": "Mahendrabhai",
					"description": "",
					"type": "text",
					"enabled": true
				},
				{
					"key": "lastName",
					"value": "Jaganiya",
					"description": "",
					"type": "text",
					"enabled": true
				},
				{
					"key": "address",
					"value": "33 S 3rd ST Apt 207 San Jose California - 95113 , USA",
					"description": "",
					"type": "text",
					"enabled": true
				},
				{
					"key": "email",
					"value": "patelmaulik21@gmail.com",
					"description": "",
					"type": "text",
					"enabled": true
				},
				{
					"key": "phoneNo",
					"value": "5105652484",
					"description": "",
					"type": "text",
					"enabled": true
				}
			],
			"dataMode": "params",
			"headerData": [],
			"method": "POST",
			"pathVariableData": [],
			"queryParams": [],
			"auth": null,
			"events": [],
			"folder": null,
			"headers": "",
			"pathVariables": {}
		},
		{
			"id": "fc64a163-f6dc-4826-be75-f82750e6ba6a",
			"name": "/crud/{studentId}",
			"url": "",
			"description": "",
			"data": null,
			"dataMode": null,
			"headerData": [],
			"method": "GET",
			"pathVariableData": [],
			"queryParams": [],
			"auth": null,
			"events": [],
			"folder": null,
			"headers": "",
			"pathVariables": {}
		}
	]
}